id,price
0,67.93807575382014
1,447.9309302869652
2,271.2515078855315
3,53.541721797453505
4,54.414710951010356
5,75.67100046040267
6,359.65395512436993
7,40.61498392134
8,102.1670179116281
9,122.56172667159963
10,71.11122363822861
11,122.64483293030264
12,239.89234268535475
13,41.21038911624535
14,67.43432206590182
15,381.6809585630183
16,29.481107611440294
17,56.85834409716983
18,41.912111980099795
19,218.30314495402612
20,34.331384908847745
21,107.21196773575475
22,46.271770612288975
23,65.9767440938149
24,133.37163805710657
25,172.16673486044908
26,176.28207528775832
27,71.2509840240767
28,73.07610681880617
29,137.06390420150018
30,54.21483421057017
31,59.30001587698666
32,67.59342850833119
33,313.1579698509708
34,29.504785654451723
35,97.27530609285145
36,510.543033417034
37,53.7110505300595
38,97.02062633578652
39,69.39964422161445
40,131.8889520521482
41,200.4950732608142
42,127.44481378220314
43,47.307558770696346
44,98.77941447933271
45,64.9267133307528
46,48.24967712404632
47,34.74320121691466
48,47.33583062397199
49,226.48982143983025
50,119.657671368598
51,132.94499723248825
52,56.682698145959236
53,108.07482568417664
54,49.081178010429795
55,38.4769877799296
56,367.5960562845039
57,151.1734168414961
58,91.76286045455784
59,67.1162816502666
60,119.09081823799035
61,52.79616251276783
62,44.71430192117866
63,89.64231600104146
64,76.96303254277704
65,56.29788715586563
66,45.73239624072399
67,203.20669422866305
68,58.53751900255466
69,60.07827740570673
70,110.57980613495504
71,73.424055009482
72,169.70543951251952
73,72.26826733585473
74,135.66933543371147
75,35.78876286053456
76,66.98154226567644
77,73.46708648393609
78,315.1871544768169
79,123.36007837199308
80,56.300724085667746
81,76.99124629090063
82,49.65499929628239
83,65.6585330081149
84,159.30400174082624
85,70.52826514338375
86,34.58274254156613
87,24.934070752419267
88,179.44812113331938
89,70.45352105616163
90,42.14195364586583
91,53.9561511217057
92,59.342996939511984
93,45.503981093206846
94,117.04447982163343
95,58.862982148309705
96,39.26006909602101
97,71.63762620397712
98,101.61536467401729
99,70.2698042014771
100,130.83295961952766
101,45.32569137957076
102,46.662471993299384
103,63.57146581698167
104,40.715329468848665
105,57.62634063395137
106,114.48927579241311
107,61.35608739507504
108,82.90990994914497
109,62.899266045722825
110,57.96157272804505
111,57.56143758482346
112,97.02062633578652
113,114.29325474571256
114,103.57637115320993
115,60.58452539882367
116,97.20697984099891
117,31.333663585554078
118,67.21033730578154
119,39.09529921360602
120,42.85272179819833
121,104.79246693307729
122,42.023256932952265
123,90.34353306265274
124,65.48305049552668
125,178.32213025463702
126,260.84385430258465
127,237.1963711438762
128,52.417499769702
129,324.9878546258191
130,32.11030369999788
131,115.42195661448807
132,316.77447867330903
133,101.63542650631548
134,93.54830171668792
135,179.44812113331938
136,407.72696766995534
137,149.95012913501822
138,52.39764322200537
139,49.65499929628239
140,18.39316876980918
141,31.630813349794003
142,193.46944529914293
143,88.79841246983126
144,60.19754739009019
145,50.817245590203704
146,114.64917117594437
147,89.64231600104146
148,110.6391827464874
149,71.26643322048342
150,109.67796519141471
151,26.7515061233509
152,107.89269840691999
153,50.14782461911051
154,49.66213586561051
155,37.19355560579023
156,188.9781065265803
157,148.1052912385801
158,129.88585875791543
159,57.888489059617875
160,48.93185100167829
161,193.43821818491475
162,92.94145876126005
163,46.359020231253425
164,103.79874482669568
165,152.25437035647514
166,83.27959892103326
167,86.14367870179967
168,114.83509772852761
169,57.30727814773837
170,76.99124629090063
171,54.23888973300081
172,41.18742818376489
173,96.76766882250999
174,148.25980857353542
175,81.54461414473681
176,37.27109929868102
177,50.25627386817158
178,315.1871544768169
179,86.03477652550723
180,34.76498080890497
181,207.4592901508287
182,120.7151029808639
183,120.33780908704261
184,214.56350558600036
185,136.30509034314434
186,97.31554738422248
187,47.57853515470117
188,31.050844480001423
189,88.95663330140462
190,63.42012640611635
191,282.5226837229716
192,60.62980979200364
193,50.54666695972858
194,148.51120190750038
195,73.07610681880617
196,46.04890720890371
197,56.85834409716983
198,73.76474150280545
199,130.56471215496026
200,111.8250291622692
201,39.63174031645777
202,28.081542203148764
203,66.80988791950817
204,60.59718844160101
205,167.05383178682
206,119.33119274367311
207,167.4669904465585
208,25.54151693124526
209,52.55642392715355
210,234.32847785256925
211,177.2518076053009
212,85.63116848688654
213,41.983330070034526
214,447.01573882970683
215,17.301264445210737
216,58.95812988468193
217,68.10118240080294
218,37.020715439801386
219,161.6367764567259
220,164.71457034664306
221,40.63464205287022
222,152.04710304972548
223,69.67027959272014
224,332.19657472717336
225,56.00051251553672
226,51.233068217372825
227,76.78437819549741
228,48.91532012983631
229,77.80888617156984
230,85.65691864310078
231,61.962758833553615
232,383.802070900369
233,63.34213387656651
234,37.90052095386619
235,61.385889854522866
236,67.39186071387903
237,106.32652346987803
238,50.587131886008954
239,56.85834409716983
240,48.42708454950339
241,110.59098318870925
242,96.32174488512143
243,68.71339443483842
244,85.85907062886974
245,196.83969253702455
246,131.9855470519097
247,58.95812988468193
248,244.81636051245832
249,78.36213844961307
250,45.54000597048552
251,44.50602261720708
252,65.32447438538767
253,354.1301578356209
254,81.35079953278006
255,148.51120190750038
256,141.0182185468647
257,66.07906262334237
258,88.40475994461919
259,76.67875090492227
260,91.52208466054748
261,104.42274390842968
262,60.95285720959901
263,59.66940092560035
264,144.44195117141044
265,101.509438331708
266,82.9385541877117
267,153.25229031383887
268,64.30690182858307
269,213.37012610344888
270,237.32244038073628
271,318.5911279341058
272,209.08839603349838
273,58.66686733607621
274,26.50842889264176
275,31.79824143085073
276,66.5273788490913
277,66.33247205267577
278,61.531801969154465
279,79.1941827307497
280,34.19589857958609
281,56.43075755467061
282,117.47887869723974
283,81.57364226349394
284,45.72899948499161
285,71.53040527175324
286,98.15037640068067
287,32.93283392617015
288,222.97720588131756
289,58.36102028180669
290,67.76286991376013
291,205.62176825160734
292,71.9202918702871
293,67.52363984256745
294,31.622244649056796
295,382.4871362281441
296,49.23462830989229
297,50.72903760251796
298,179.9313623272915
299,20.476628365656737
300,418.50827202604654
301,78.41400342621161
302,212.88780705178237
303,141.0182185468647
304,253.70930704525537
305,69.1437722067102
306,40.715329468848665
307,51.02178361290386
308,186.73432450160428
309,43.4191916379991
310,57.711260503840535
311,54.58588201424285
312,31.622244649056796
313,56.114463807609106
314,60.519266909766884
315,97.31554738422248
316,436.7006785379382
317,284.15722124592696
318,63.16803457546027
319,137.68260712869528
320,56.850103141292045
321,110.99999999999906
322,92.28720450197032
323,29.737062590566204
324,67.93807575382014
325,102.65800100394216
326,318.10671299737635
327,81.57364226349394
328,46.843182173189376
329,48.47304782279989
330,44.42595776611577
331,103.45822899940224
332,61.385889854522866
333,91.27878422188324
334,34.47377439189063
335,56.10972653514448
336,147.20412045020876
337,70.49226706251275
338,61.50868456849131
339,14.079764350150693
340,37.58145530410666
341,24.345094186907204
342,41.360508022591745
343,56.657297427640614
344,254.76017276249559
345,88.90789934473017
346,322.85735946275304
347,50.369293154522666
348,65.32447438538767
349,31.921987606433127
350,72.3012153443713
351,26.06543184807266
352,48.46415201053826
353,73.29256262830336
354,103.2645387769153
355,111.8250291622692
356,167.4669904465585
357,56.50681486269554
358,101.22478499164706
359,56.850103141292045
360,125.27346188669998
361,57.159997406626466
362,50.25627386817158
363,73.76474150280545
364,49.29283848380626
365,72.43687323358003
366,100.78088792998155
367,87.96156426791168
368,49.93846684039397
369,194.15450862270984
370,58.95812988468193
371,189.18727549831263
372,22.850436017745288
373,55.085076341811366
374,89.54062525751324
375,108.22951504838784
376,111.44683905659943
377,124.42761525636521
378,271.10665739645674
379,31.537902499039404
380,121.04021713876654
381,199.76082342356347
382,67.72082804578602
383,48.70464751108725
384,37.25034689484743
385,64.96019905422759
386,46.19624608881616
387,205.49513005719464
388,104.71635520495164
389,55.95440679616861
390,33.57518313825141
391,100.52251562485338
392,57.992541297843964
393,66.13472999381693
394,121.14698907259495
395,172.7393409417223
396,61.82322212122666
397,84.11100161467812
398,223.03561719000135
399,49.49282277591573
400,130.57826252643926
401,65.31308314072282
402,50.29196027700201
403,131.8889520521482
404,180.06263922107775
405,111.49453504829712
406,100.29291308913525
407,100.45974717554574
408,367.94323471776954
409,42.14195364586583
410,54.76595729401856
411,189.88036007157822
412,86.88687821092543
413,417.5286550392662
414,63.62594737752828
415,143.40660896225165
416,117.82275765141793
417,65.10374717392008
418,583.0074583746949
419,47.979100051030265
420,164.6700150024074
421,137.06390420150018
422,56.114463807609106
423,217.978346187281
424,57.75059843911408
425,289.5575498191661
426,81.87260711373673
427,44.64575917089979
428,178.39821945867436
429,517.7318109732395
430,35.55821416159131
431,60.92723973646698
432,192.23674150560043
433,28.240405886887675
434,46.483760715595366
435,64.88738425800527
436,60.92723973646698
437,204.5079486514263
438,54.44072207326137
439,43.343475939636484
440,66.63184575824563
441,60.889345756553425
442,169.13417268439724
443,62.68355873877483
444,64.24873964460478
445,147.1494671460661
446,111.96224794390625
447,150.31602136606315
448,54.23888973300081
449,112.37533551390663
450,126.42827969792168
451,55.05510233067823
452,69.02686362917773
453,47.00767663606131
454,45.64114708769374
455,38.50321074126401
456,49.65499929628239
457,89.94816644198796
458,59.531403642208204
459,55.74658796864033
460,73.07610681880617
461,496.8997842061123
462,60.17252126952353
463,47.07533898546609
464,100.10415172567546
465,63.99682831546687
466,86.98861020685582
467,45.05120535670283
468,34.26014858859082
469,58.973693666600646
470,39.42052821734941
471,130.51215793316217
472,54.44072207326137
473,54.62674086575935
474,72.867180766117
475,155.9173370375911
476,80.27869608651393
477,34.74056707985089
478,69.13593207272602
479,27.188500807917826
480,113.79532702603898
481,70.55978242862224
482,140.46088964958417
483,54.44072207326137
484,81.16874770364345
485,76.02740548852118
486,66.29672388811983
487,122.56172667159963
488,65.32447438538767
489,59.74132773565875
490,59.65462736054036
491,73.08327197579901
492,50.95162356874203
493,33.83214345488051
494,93.85667118453159
495,183.1261869655516
496,194.26469339986224
497,62.58515079468769
498,77.80537283723812
499,55.58348648095334
500,51.53374828035145
501,70.79005825328665
502,79.13369091552325
503,59.53179236874746
504,41.93917697667079
505,46.34832260265773
506,174.33386749163316
507,111.49453504829712
508,18.13659672160722
509,56.473681907711665
510,48.38840704583686
511,54.93914520267577
512,280.4316527965293
513,654.0492007782744
514,145.45783693590488
515,46.843182173189376
516,187.368399422339
517,117.13314806743382
518,50.52401320237994
519,215.12876656608364
520,282.0811957667099
521,37.19355560579023
522,86.39135193351576
523,267.20792125915455
524,41.99414049120207
525,194.26469339986224
526,114.37765295540886
527,48.242910273148205
528,60.56193199615861
529,93.439103183829
530,55.95440679616861
531,69.81673444402418
532,57.16263054009994
533,50.14782461911051
534,64.56889374767135
535,68.68420065775322
536,117.10240292461162
537,123.36007837199308
538,65.59865675785737
539,76.95954412719962
540,84.63524396565182
541,107.39075491498264
542,65.85579063642938
543,277.81125678450786
544,64.6861105699288
545,283.90369471067015
546,121.7911477578599
547,211.41425319576152
548,55.20720378602543
549,60.58452539882367
550,149.39916477503994
551,58.90426973543584
552,47.31200203615685
553,29.481107611440294
554,51.332475601451904
555,346.1060000538113
556,168.25386041678533
557,123.36007837199308
558,65.80778469223353
559,63.47711813503331
560,61.44476516529703
561,69.12159567738063
562,203.02257685434748
563,52.95490851345657
564,245.5356637247565
565,56.149746833863965
566,67.76077311813792
567,83.53770331593351
568,83.71061832120611
569,76.98054023276886
570,69.59141344558063
571,77.50372164067906
572,50.25627386817158
573,55.1812228614867
574,54.23888973300081
575,58.36102028180669
576,85.79169737932419
577,61.97557127018637
578,137.2102355534781
579,94.09411349462754
580,16.570594817043016
581,78.60137688750568
582,48.747365821205015
583,96.8812326686199
584,87.16990852700897
585,45.378137435669686
586,162.5343052963176
587,82.90760400302834
588,42.090765985281294
589,50.369293154522666
590,92.95122914039986
591,113.46758245136806
592,106.45702390122902
593,49.246533929465414
594,61.15915691508945
595,410.7590521589331
596,29.737062590566204
597,67.5693309013118
598,130.51215793316217
599,122.31884888228072
600,34.92901624085021
601,112.05965778224228
602,75.08067131313864
603,60.92723973646698
604,63.34213387656651
605,61.491317892841515
606,47.26572642519941
607,172.84267176609447
608,97.31554738422248
609,62.09915464934675
610,29.660915753898628
611,82.20854493502846
612,43.213713387796055
613,123.33283065512096
614,64.77806663434168
615,56.85834409716983
616,53.167897289984715
617,163.37114689807996
618,122.52089405246089
619,70.4253936833211
620,194.26469339986224
621,104.95370436173027
622,98.16510659771106
623,84.78073609730426
624,68.55847459707726
625,45.058009782344854
626,72.03274076559029
627,62.83896029074238
628,45.672564187406984
629,375.2434948177208
630,82.34835566341087
631,39.90122762884748
632,98.4782468470965
633,35.99999999999973
634,521.2961213160145
635,198.85513680878142
636,303.48703385075
637,56.114463807609106
638,73.0310765822506
639,266.1599063309188
640,40.84473646725881
641,33.641609667987396
642,76.0003865448194
643,322.75370019991624
644,51.14817152117793
645,261.59629530778886
646,188.01779721346648
647,60.32167644760318
648,71.11383622521696
649,64.61560551102009
650,63.38912680866049
651,442.88038159045067
652,66.98154226567644
653,47.11085938449358
654,42.55260779974071
655,81.57364226349394
656,54.23888973300081
657,301.3795389944467
658,57.78531389191628
659,56.41516097383092
660,121.32975840132595
661,66.25507085355646
662,89.31560281665303
663,49.65499929628239
664,49.310120435252266
665,60.889345756553425
666,211.9053877305198
667,81.68085387005748
668,212.3147061281945
669,88.0609957302546
670,93.58602766126796
671,26.769333413615513
672,101.01461378905451
673,39.37521911945422
674,36.37499835846201
675,34.37821360135926
676,336.0039647816752
677,119.86525575578558
678,88.31984761903338
679,214.5389511511063
680,193.95370628680183
681,109.12975936233747
682,115.66277723453369
683,97.02062633578652
684,53.829402945409484
685,93.65574412788327
686,234.14836370375636
687,49.65499929628239
688,116.43273993791456
689,33.641609667987396
690,82.38864724368155
691,152.88051804746402
692,37.9173596761142
693,46.662471993299384
694,149.86642402774913
695,32.64774136164581
696,84.46333925142264
697,364.5307337518036
698,30.660252367539854
699,47.75415840584591
700,76.99124629090063
701,50.99363362309106
702,62.48166264241385
703,23.797134720602827
704,32.78038301878977
705,172.17659022299782
706,60.07827740570673
707,59.132018712693174
708,42.607979257318576
709,97.51709966642576
710,121.65795547008081
711,97.02062633578652
712,106.87175404800446
713,43.84079497164019
714,77.8953427287324
715,40.94654163786202
716,122.64483293030264
717,51.96108096436757
718,399.32507948750845
719,86.51632636025782
720,28.076276990622425
721,74.91518897287658
722,47.24566065385276
723,308.96400503140234
724,127.25943576828999
725,52.36398858835775
726,122.90599952336854
727,150.71700520128837
728,51.35081534931439
729,357.1237402696687
730,313.1579698509708
731,47.364813579017465
732,105.85442216420385
733,142.81519146216178
734,129.80824702922007
735,91.60053844845616
736,69.15196562369457
737,209.1489595566938
738,65.2971195417236
739,95.90990231761448
740,362.4246140428797
741,78.09890994197721
742,35.36886642169497
743,50.25627386817158
744,46.30001128047853
745,233.44698956081612
746,50.817245590203704
747,41.15707800173261
748,154.23572610987927
749,103.22574101043286
750,32.381306454411465
751,516.6484780442045
752,160.92050856732212
753,85.22481084343848
754,44.80137365100264
755,83.2291715271471
756,51.610163473670134
757,50.6651667187206
758,497.9863723581853
759,123.99178822738146
760,96.8812326686199
761,63.672067425259655
762,109.71166911450429
763,74.98700938790458
764,91.19211009610612
765,66.12121372559099
766,90.1347169435433
767,31.248118037303577
768,51.78902630262632
769,105.39708290231478
770,44.61993886801915
771,169.07066987818658
772,373.37352665050435
773,79.30452819812518
774,206.14961325170302
775,44.88939576912278
776,110.3160506992975
777,65.73996894217942
778,125.13906058621623
779,90.18599224268331
780,55.28993431746198
781,57.04139573439488
782,194.26469339986224
783,65.11700087669765
784,60.89650011587105
785,117.15935211905648
786,131.85804281840078
787,299.0434443838037
788,244.76161407272735
789,95.47160423738228
790,299.0434443838037
791,114.99999999999926
792,293.47553569039263
793,117.36532687266838
794,104.88080434873554
795,57.97748547031273
796,48.16741262953792
797,55.123299247764244
798,61.22478810903658
799,50.34152912294415
800,75.41765051351923
801,180.73463361775293
802,83.88561552802031
803,130.46390194309961
804,121.46708588383956
805,48.97760153113212
806,251.1270701005281
807,73.39092178688699
808,72.96708992449413
809,25.01448311276675
810,60.36369894150597
811,23.195380483652677
812,48.242910273148205
813,76.96303254277704
814,269.87156133768053
815,77.20664996881925
816,46.19624608881616
817,205.49513005719464
818,58.53751900255466
819,68.39385796496514
820,123.36007837199308
821,118.30979109217387
822,91.71734686874946
823,45.05961560105956
824,33.21427335843483
825,76.70568953003747
826,42.90108230192988
827,114.91569684123922
828,241.1949061801163
829,274.5267827930879
830,70.98149420713406
831,93.10705276865632
832,101.79963552798465
833,86.14657448388441
834,47.61496685287242
835,46.19624608881616
836,88.3484410912336
837,51.25357086674184
838,201.46405094724358
839,81.57364226349394
840,114.80434215668491
841,125.49380960004598
842,52.79616251276783
843,76.6970268795127
844,264.4308558290329
845,229.2492511311643
846,204.70497812564537
847,123.78863719976714
848,55.123299247764244
849,93.89571961427984
850,98.77941447933271
851,120.7246863339169
852,46.662471993299384
853,78.94330259386483
854,101.14110342762494
855,159.08955087009534
856,285.4178558600705
857,229.2492511311643
858,67.52363984256745
859,256.56005320471456
860,209.89389077139933
861,201.57858484419884
862,14.570177275017908
863,72.3012153443713
864,95.73905648882223
865,50.817245590203704
866,59.342996939511984
867,44.756336001307936
868,74.0823841971166
869,260.6838023021403
870,207.72603670598807
871,60.11816152114015
872,67.53770615668664
873,27.331808743663903
874,57.576490471189736
875,65.96321531153454
876,30.21664750293725
877,65.9767440938149
878,44.089622923782265
879,63.38912680866049
880,58.12311990024398
881,75.74966402393515
882,66.95693332917355
883,124.87940257853529
884,46.15285388924351
885,101.20618080051906
886,57.224764643100045
887,113.00432605011412
888,123.36007837199308
889,65.47717906802873
890,447.01573882970683
891,52.79616251276783
892,60.571918587619315
893,202.7766908549722
894,261.7042668589277
895,203.49620941802587
896,76.6970268795127
897,74.95813632901331
898,96.28500865487567
899,35.597604985637766
900,174.28788276708985
901,22.763946294891365
902,96.41073824507302
903,56.682698145959236
904,72.7233450410798
905,78.83801291776388
906,71.28983941862954
907,109.3734097742357
908,76.0465857273018
909,268.0151313635713
910,108.22951504838784
911,78.83801291776388
912,439.51130723569094
913,68.52722866334005
914,152.08739941920913
915,68.2972259802058
916,41.8871552203492
917,91.41173906058457
918,54.358026752374414
919,79.88220430769762
920,71.36126592719324
921,64.75655892809974
922,118.67246826128682
923,46.34832260265773
924,51.04853047534163
925,57.89200772148803
926,286.6730507356841
927,71.88104511192651
928,101.07592143132386
929,56.41516097383092
930,29.737062590566204
931,76.7930840659804
932,35.499458035206594
933,470.10654277728656
934,136.99098952518867
935,32.381306454411465
936,102.81201226402447
937,119.73416424452161
938,35.99999999999973
939,49.8417554968022
940,83.7511331947066
941,43.213713387796055
942,33.49158952109917
943,134.56712152635947
944,123.36007837199308
945,60.241206951405104
946,198.23887672131363
947,63.94223202222385
948,46.031474293219624
949,143.71014675387622
950,83.71061832120611
951,59.71404790780342
952,235.01678105093154
953,50.6651667187206
954,119.98260674440519
955,24.35788626839726
956,178.62435908426644
957,74.40983672087643
958,145.61178507123802
959,120.40579586381062
960,17.23017295316406
961,266.30921728845965
962,108.32936446028123
963,60.571918587619315
964,71.9566397688227
965,96.21179713778858
966,72.14395348415663
967,45.0116091487192
968,68.5073053746539
969,99.20027356877351
970,59.444019216246126
971,98.16510659771106
972,74.22751916489128
973,89.8804348214947
974,70.45352105616163
975,49.65499929628239
976,68.50149140951606
977,55.151521874775675
978,70.32048240845228
979,68.90309562643053
980,58.90426973543584
981,202.94636807427125
982,95.43892386048165
983,347.08085942959474
984,114.27482249797536
985,180.73463361775293
986,111.13013279438265
987,41.961329867485915
988,27.06436742782995
989,23.576361812805573
990,56.43075755467061
991,232.04084932790713
992,186.041606967389
993,196.3539495603215
994,44.36595213502308
995,78.88950288515483
996,54.23888973300081
997,180.73463361775293
998,81.27518345311087
999,81.20075363179525
1000,85.27551506974326
1001,60.84625421324523
1002,50.25627386817158
1003,26.769333413615513
1004,58.403972319338514
1005,145.8099745462096
1006,63.14281445787154
1007,96.54543910801021
1008,40.98154174002217
1009,65.32447438538767
1010,20.328950665509012
1011,159.61984100465898
1012,48.24967712404632
1013,101.61536467401729
1014,84.132696843644
1015,35.57311709769669
1016,234.19951405232962
1017,54.44072207326137
1018,63.99682831546687
1019,64.33157823543392
1020,74.41694961797846
1021,31.715056613169352
1022,194.6109466622477
1023,68.90559551709573
1024,56.004119349845084
1025,55.20720378602543
1026,60.75341329287652
1027,101.22478499164706
1028,45.71721778067087
1029,98.16510659771106
1030,76.90751904042727
1031,30.43055106019714
1032,115.55025005614525
1033,63.6862732612027
1034,49.23462830989229
1035,52.68899401315465
1036,326.8674953228772
1037,111.64101576679901
1038,41.2495469830712
1039,253.70930704525537
1040,87.35028406321182
1041,130.44912285720773
1042,122.31884888228072
1043,49.45379857066365
1044,255.47398753226452
1045,50.887260478785564
1046,95.7248529736531
1047,43.55578473999507
1048,81.08459916194147
1049,60.889345756553425
1050,110.87703135176278
1051,54.86500368942544
1052,64.30176604695109
1053,82.25520862891071
1054,206.07924472292544
1055,43.20758048367522
1056,96.76766882250999
1057,43.18750445358429
1058,54.44072207326137
1059,91.19211009610612
1060,58.872185418891554
1061,57.34889712784662
1062,103.26346298927002
1063,36.368335923664496
1064,69.28690346131464
1065,196.8947824436048
1066,67.60137819568381
1067,219.00260513150585
1068,115.39937037766991
1069,36.764855985537274
1070,81.2010255323314
1071,68.49149584156132
1072,50.575408367974454
1073,316.77447867330903
1074,544.9632910036329
1075,61.44677913200619
1076,56.04221180934176
1077,42.813092808823164
1078,80.6988811620906
1079,103.44733356178372
1080,65.9767440938149
1081,96.87393188016236
1082,47.364813579017465
1083,99.22626277566572
1084,33.21427335843483
1085,84.71761421028624
1086,69.80747685777969
1087,54.44072207326137
1088,35.60138156697541
1089,58.03011287957415
1090,189.27940283560932
1091,76.6970268795127
1092,57.16263054009994
1093,105.55278619173222
1094,154.06182498534912
1095,102.72840561770909
1096,243.56556450438705
1097,181.90627256183888
1098,112.32426003427412
1099,74.77897352656068
1100,52.50423264232753
1101,74.21172682299725
1102,103.95847219559252
1103,54.23888973300081
1104,167.4669904465585
1105,181.11024551660464
1106,130.51215793316217
1107,101.05834847650253
1108,110.36470144537543
1109,50.99363362309106
1110,353.590760353837
1111,154.1148949606828
1112,98.88735513669141
1113,53.070955056873856
1114,63.046413592004214
1115,167.4669904465585
1116,354.1427950785577
1117,60.983462146256166
1118,39.429589308341
1119,76.94367979206034
1120,40.715329468848665
1121,100.90535846801664
1122,55.46681725554475
1123,46.47546199454612
1124,37.19355560579023
1125,142.1765328631973
1126,58.95812988468193
1127,161.5915031974761
1128,118.0134282052051
1129,71.5718698714251
1130,69.52838449222897
1131,105.9271685790187
1132,257.97842517763866
1133,66.98154226567644
1134,61.97557127018637
1135,75.16481507624975
1136,79.49791927602777
1137,102.5834508869842
1138,69.1437722067102
1139,71.51877202953074
1140,86.75989213089383
1141,48.28760555823424
1142,336.720938299655
1143,66.91716127444397
1144,34.83894463271523
1145,67.24098099722461
1146,50.943629334286626
1147,154.7267279437176
1148,346.2595116904019
1149,68.77856609034518
1150,45.41628960380742
1151,202.7766908549722
1152,139.61531720315415
1153,212.66941951659695
1154,52.536657583142166
1155,133.82404756503664
1156,227.42071347560565
1157,27.986856673574152
1158,67.82676186870255
1159,315.1871544768169
1160,52.77059296166403
1161,93.44406090414427
1162,102.97988587215531
1163,152.59139313787625
1164,104.69679353612776
1165,38.895926155341556
1166,76.96303254277704
1167,54.76595729401856
1168,220.20143120709005
1169,39.2018964748855
1170,57.511255983618945
1171,49.55890414429584
1172,76.02740548852118
1173,83.58991070872364
1174,39.151832619310014
1175,53.414318972413746
1176,39.20716155359823
1177,50.817245590203704
1178,24.896564461377817
1179,48.42708454950339
1180,131.8889520521482
1181,100.11538873075442
1182,71.32600401861461
1183,53.64298682102628
1184,327.1334213025647
1185,48.12292402528812
1186,131.23032563891704
1187,55.23342350995106
1188,54.23888973300081
1189,158.81013673315144
1190,124.09251398634251
1191,76.0003865448194
1192,49.49282277591573
1193,82.96106013769601
1194,395.4941985910706
1195,52.372252912412314
1196,110.49826486328845
1197,91.76286045455784
1198,65.44252847020205
1199,36.8536163859318
1200,111.8250291622692
1201,95.5313227774183
1202,172.16673486044908
1203,18.38541959352168
1204,51.30063936971389
1205,83.96963828700352
1206,50.943629334286626
1207,58.04418564317765
1208,115.5304879165802
1209,24.35788626839726
1210,66.33752449799069
1211,49.016514509485695
1212,26.636825232387327
1213,30.330760419778287
1214,367.41642403304064
1215,36.36223956823746
1216,97.02062633578652
1217,90.18599224268331
1218,97.78972152039736
1219,61.385889854522866
1220,188.37847488171928
1221,49.52628930426509
1222,60.22181576692568
1223,73.07610681880617
1224,55.23342350995106
1225,162.78130315703726
1226,50.93728711906399
1227,49.651981292868975
1228,190.64594551939922
1229,167.4669904465585
1230,68.26701927399576
1231,205.49513005719464
1232,67.87783215805011
1233,52.3780668191914
1234,43.4191916379991
1235,180.73463361775293
1236,58.95812988468193
1237,84.53346070948291
1238,67.8447910480434
1239,23.70730163549835
1240,38.35470351151204
1241,579.4758932916462
1242,52.509994398725865
1243,45.22460074018244
1244,33.31965120963061
1245,124.56080125531793
1246,51.610028112490994
1247,98.77941447933271
1248,47.18731932668099
1249,69.08088259917528
1250,168.78550764048256
1251,119.73416424452161
1252,194.26469339986224
1253,46.19624608881616
1254,50.817245590203704
1255,134.08631264577036
1256,105.2034743322507
1257,67.4990806168692
1258,37.877043367884205
1259,64.56889374767135
1260,127.11910400637228
1261,51.839370019481116
1262,124.11982611132893
1263,86.09899284925805
1264,90.94276106386035
1265,121.13938099255138
1266,196.2177272539137
1267,234.19951405232962
1268,50.89919697070462
1269,90.87857206271326
1270,78.33852413691663
1271,50.024577531486564
1272,48.42708454950339
1273,40.715329468848665
1274,45.67678874657539
1275,44.61993886801915
1276,71.8743534874849
1277,179.3381321914218
1278,102.37579479116502
1279,124.55310820689195
1280,194.26469339986224
1281,105.09822144787526
1282,82.75688542940776
1283,69.74505722412235
1284,323.5953229415496
1285,71.9566397688227
1286,49.78155922313361
1287,71.42591024121886
1288,199.4608468532122
1289,72.93482799854085
1290,122.12660120861615
1291,90.91195483195904
1292,221.70224336079855
1293,517.7318109732395
1294,46.34460914432924
1295,158.41054309156274
1296,86.74467880363416
1297,69.75055710465783
1298,188.97793412094683
1299,127.87223848476168
1300,82.95827176253458
1301,71.42591024121886
1302,63.38912680866049
1303,50.54666695972858
1304,67.93807575382014
1305,229.2492511311643
1306,38.12626222529818
1307,148.52725119205235
1308,112.73818748102069
1309,134.83400432966118
1310,70.328730469339
1311,114.29325474571256
1312,136.43653210401664
1313,368.0732343150912
1314,144.57964422560693
1315,246.923298287809
1316,112.56805361401196
1317,105.2034743322507
1318,71.63963213759531
1319,45.28607308178119
1320,73.68220941667147
1321,109.11604655497753
1322,77.16733979570878
1323,106.17268323029869
1324,98.88735513669141
1325,121.45371315287889
1326,78.0470726777316
1327,62.25252257119035
1328,45.22460074018244
1329,304.70783775311423
1330,67.90743735702533
1331,23.788455853086674
1332,101.61536467401729
1333,59.414583636028134
1334,71.48332719130536
1335,285.5297435394261
1336,67.18244818546624
1337,85.27551506974326
1338,59.10672396616314
1339,75.87845621761568
1340,46.473862530513756
1341,69.9930440035069
1342,49.65499929628239
1343,49.71784522686989
1344,50.817245590203704
1345,33.90135952320867
1346,53.39489312803179
1347,134.52557320580834
1348,65.79988954061717
1349,60.07827740570673
1350,34.89225364279568
1351,66.98154226567644
1352,49.69256646703107
1353,90.79478794982944
1354,79.88220430769762
1355,155.2850294854318
1356,193.46944529914293
1357,40.9962403922608
1358,78.98909876195394
1359,77.32333104499853
1360,52.43828886457037
1361,46.85935234044903
1362,49.46625329331295
1363,75.25857299679191
1364,48.242910273148205
1365,89.8804348214947
1366,42.66909966507598
1367,73.95282953211236
1368,67.00795323905685
1369,54.93914520267577
1370,60.51543093517727
1371,72.96708992449413
1372,77.23280849261731
1373,106.13113902015672
1374,83.44720915079463
1375,64.94985494571463
1376,26.769333413615513
1377,106.41871059617816
1378,601.2606255076291
1379,108.67270916988616
1380,68.36900900842103
1381,187.6923879587065
1382,54.97003123162143
1383,80.55580684708752
1384,167.4669904465585
1385,155.6344880642247
1386,25.05629216777953
1387,149.86642402774913
1388,148.61288236931819
1389,113.64177996587736
1390,68.93035714131588
1391,174.21150858185734
1392,79.40953233369238
1393,54.62674086575935
1394,447.01573882970683
1395,41.21785083698909
1396,41.179611446874326
1397,391.78129655582654
1398,58.95812988468193
1399,40.65280481652417
1400,49.32532491981668
1401,92.62114894348272
1402,111.8250291622692
1403,61.6643343385157
1404,126.56537088420939
1405,73.96562370477177
1406,50.6651667187206
1407,61.35608739507504
1408,59.74132773565875
1409,215.12876656608364
1410,58.39077725512572
1411,121.01507344783427
1412,49.93846684039397
1413,90.34849102023189
1414,48.28760555823424
1415,96.10175452510074
1416,83.28590449988602
1417,172.13861413073576
1418,95.6102016067941
1419,93.54830171668792
1420,39.37521911945422
1421,397.24424911536306
1422,41.79396814654864
1423,60.842489479264344
1424,193.46944529914293
1425,53.39489312803179
1426,83.88580730412903
1427,76.96303254277704
1428,48.16741262953792
1429,98.73932236598975
1430,115.03048891251207
1431,51.02178361290386
1432,64.2805066372432
1433,39.62607916902143
1434,33.39229542529696
1435,290.8358382575424
1436,78.61742713450036
1437,63.82587243697081
1438,194.26469339986224
1439,115.5304879165802
1440,58.21719399459208
1441,79.28883270133751
1442,199.7634799067392
1443,266.6639400137904
1444,212.64417212272983
1445,60.889345756553425
1446,78.60137688750568
1447,123.68905860017347
1448,68.62725712921086
1449,55.845619588287434
1450,48.16741262953792
1451,253.59168009997242
1452,83.40407423885232
1453,69.86469941788728
1454,33.84809057596323
1455,54.863097753107425
1456,66.55067351558289
1457,69.52838449222897
1458,166.9560085630013
1459,56.50681486269554
1460,54.910789677225
1461,106.15241511546103
1462,34.331384908847745
1463,69.88058449490238
1464,34.331384908847745
1465,136.01111223356762
1466,71.8743534874849
1467,93.13392124883457
1468,81.16874770364345
1469,194.26469339986224
1470,50.25627386817158
1471,108.32613732095666
1472,39.290225084157086
1473,684.3612721163697
1474,329.6113981897987
1475,67.18244818546624
1476,101.07592143132386
1477,57.38994127010836
1478,48.37820585323891
1479,60.92723973646698
